statepoint,model,n_molecules,T_target_K,P_target_GPa,nve_ps,T_K,T_err_K,P_GPa,P_err_GPa,P_std_GPa,rho_g_cm3,L_A,max_dE_meV_per_mol,drift_meV_per_mol_ps,D_MSD,D_MSD_err,msd_loglog_slope,D_GK,D_GK_err,GK_over_MSD,GK_over_MSD_err,eta_GK_mPas,eta_GK_err,eta_EH_mPas,eta_EH_err,eta_ref_mPas,D_MSD_eta_GK,D_MSD_eta_GK_err,D_GK_eta_GK,D_GK_eta_GK_err,D_MSD_eta_EH,D_MSD_eta_EH_err,D_GK_eta_EH,D_GK_eta_EH_err,msd_diffusive,equipartition_ok
statepoint_mace_off24_200K_0.001GPa,mace_off24,128,200.0,0.001,700.0,200.50,0.08,0.0010,0.0000,0.003,0.01033,69.1111,0.797,+0.00063,978.72,34.42,1.360,437.09,6.01,0.447,0.017,0.0055,0.0001,0.0021,0.0002,0.0080,989.59,34.42,447.96,6.01,1006.78,34.51,465.15,6.46,False,True
statepoint_mace_off24_200K_0.002GPa,mace_off24,128,200.0,0.002,500.0,200.37,0.09,0.0020,0.0000,0.007,0.02239,53.4027,0.620,+0.00060,440.88,8.32,1.233,309.44,2.17,0.702,0.014,0.0088,0.0001,0.0041,0.0002,0.0082,449.76,8.32,318.32,2.18,459.86,8.37,328.42,2.39,False,True
statepoint_mace_off24_200K_0.003GPa,mace_off24,128,200.0,0.003,400.0,199.78,0.10,0.0030,0.0000,0.012,0.03715,45.1089,0.424,-0.00018,269.82,9.09,1.195,220.49,3.44,0.817,0.030,0.0100,0.0003,0.0060,0.0003,0.0086,279.04,9.09,229.72,3.45,285.09,9.13,235.77,3.53,False,True
statepoint_mace_off24_200K_0.02GPa,mace_off24,128,200.0,0.02,200.0,200.66,0.10,0.0219,0.0004,0.104,0.35827,21.1923,0.403,-0.00031,16.89,0.44,1.015,17.08,0.24,1.011,0.030,0.0556,0.0040,0.0525,0.0076,0.0565,20.43,0.51,20.61,0.35,20.64,0.70,20.82,0.60,True,True
statepoint_mace_off24_200K_0.03GPa,mace_off24,128,200.0,0.03,190.0,198.63,0.11,0.0266,0.0008,0.115,0.38818,20.6334,0.472,-0.00015,14.02,0.53,1.036,13.65,0.26,0.973,0.041,0.0716,0.0048,0.0695,0.0055,0.0708,16.81,0.56,16.44,0.32,16.90,0.58,16.53,0.35,True,True
statepoint_mace_off24_200K_0.04GPa,mace_off24,128,200.0,0.04,180.0,199.27,0.10,0.0296,0.0009,0.115,0.39253,20.5568,0.376,+0.00010,12.80,0.63,1.005,13.03,0.27,1.018,0.055,0.0652,0.0062,0.0605,0.0089,0.0731,15.89,0.70,16.12,0.40,16.13,0.80,16.36,0.56,True,True
statepoint_mace_off24_200K_0.055GPa,mace_off24,128,200.0,0.055,200.0,200.78,0.14,0.0247,0.0011,0.114,0.37251,20.9187,0.305,+0.00006,15.41,0.47,1.018,15.34,0.32,0.995,0.037,0.0676,0.0042,0.0650,0.0036,0.0629,18.36,0.51,18.29,0.37,18.47,0.50,18.40,0.36,True,True
statepoint_mace_off24_200K_0.05GPa,mace_off24,128,200.0,0.05,180.0,200.31,0.14,0.0455,0.0009,0.116,0.40933,20.2717,0.353,-0.00001,12.49,0.34,1.022,12.36,0.24,0.989,0.033,0.0712,0.0033,0.0714,0.0077,0.0827,15.37,0.37,15.24,0.27,15.37,0.46,15.24,0.39,True,True
statepoint_mace_off24_200K_0.065GPa,mace_off24,128,200.0,0.065,190.0,197.80,0.07,0.0245,0.0007,0.114,0.38243,20.7363,0.225,+0.00017,14.24,0.53,1.030,14.15,0.31,0.994,0.043,0.0592,0.0042,0.0606,0.0014,0.0678,17.59,0.58,17.50,0.39,17.51,0.54,17.42,0.32,True,True
statepoint_mace_off24_200K_0.06GPa,mace_off24,128,200.0,0.06,200.0,200.05,0.11,0.0239,0.0007,0.113,0.37765,20.8234,0.304,-0.00034,15.34,0.53,1.029,15.31,0.17,0.998,0.037,0.0551,0.0041,0.0512,0.0030,0.0654,18.96,0.60,18.94,0.32,19.24,0.58,19.21,0.28,True,True
statepoint_mace_off24_200K_0.075GPa,mace_off24,128,200.0,0.075,190.0,199.66,0.12,0.0313,0.0006,0.111,0.39109,20.5821,0.495,-0.00010,13.58,0.63,1.013,13.55,0.23,0.998,0.049,0.0683,0.0025,0.0645,0.0056,0.0723,16.53,0.64,16.50,0.25,16.71,0.68,16.68,0.36,True,True
statepoint_mace_off24_200K_0.07GPa,mace_off24,128,200.0,0.07,170.0,199.62,0.09,0.0459,0.0008,0.126,0.42014,20.0963,0.423,-0.00021,10.76,0.26,1.007,10.88,0.24,1.012,0.033,0.0779,0.0047,0.0687,0.0062,0.0896,13.40,0.31,13.53,0.29,13.76,0.38,13.89,0.37,True,True
statepoint_mace_off24_200K_0.085GPa,mace_off24,128,200.0,0.085,190.0,201.37,0.10,0.0427,0.0008,0.121,0.39880,20.4485,0.311,+0.00010,13.31,0.49,1.021,13.21,0.31,0.992,0.044,0.0658,0.0053,0.0688,0.0097,0.0765,16.42,0.55,16.32,0.40,16.28,0.65,16.18,0.52,True,False
statepoint_mace_off24_200K_0.08GPa,mace_off24,128,200.0,0.08,190.0,199.50,0.11,0.0347,0.0008,0.114,0.39505,20.5131,0.412,+0.00001,13.44,0.18,1.014,13.38,0.13,0.995,0.017,0.0618,0.0040,0.0560,0.0044,0.0745,16.71,0.28,16.65,0.25,17.05,0.34,16.99,0.31,True,True
statepoint_mace_off24_200K_0.09GPa,mace_off24,128,200.0,0.09,190.0,200.42,0.08,0.0356,0.0005,0.122,0.40237,20.3879,0.324,-0.00019,12.70,0.46,1.023,12.52,0.27,0.985,0.041,0.0843,0.0052,0.0745,0.0057,0.0786,15.13,0.48,14.94,0.31,15.44,0.50,15.26,0.34,True,True
statepoint_mace_off24_200K_0.15GPa,mace_off24,128,200.0,0.15,140.0,199.50,0.11,0.0968,0.0008,0.139,0.47327,19.3143,0.381,-0.00047,6.76,0.23,0.999,6.80,0.22,1.005,0.047,0.1207,0.0099,0.1269,0.0162,0.1288,8.54,0.27,8.58,0.26,8.46,0.31,8.49,0.31,True,False
statepoint_mace_off24_200K_0.1GPa,mace_off24,128,200.0,0.1,170.0,200.73,0.19,0.0806,0.0016,0.139,0.44472,19.7191,0.405,+0.00013,9.72,0.22,1.013,9.66,0.23,0.994,0.033,0.0894,0.0066,0.0797,0.0121,0.1063,12.08,0.28,12.03,0.29,12.37,0.46,12.32,0.47,True,False
statepoint_mace_off24_200K_0.25GPa,mace_off24,128,200.0,0.25,60.0,200.78,0.15,0.2128,0.0026,0.147,0.51316,18.8003,0.315,-0.00022,5.09,0.26,0.952,5.08,0.16,0.998,0.060,0.1744,0.0189,0.1534,0.0198,0.1615,6.36,0.29,6.35,0.21,6.53,0.32,6.52,0.25,True,True
statepoint_mace_off24_200K_0.2GPa,mace_off24,128,200.0,0.2,140.0,200.39,0.10,0.1657,0.0016,0.150,0.50192,18.9396,0.271,-0.00008,5.36,0.26,0.977,5.40,0.21,1.006,0.062,0.1603,0.0151,0.1529,0.0178,0.1522,6.74,0.29,6.77,0.25,6.80,0.31,6.84,0.27,True,False
statepoint_mace_off24_200K_0.35GPa,mace_off24,128,200.0,0.35,60.0,200.61,0.18,0.2867,0.0023,0.164,0.53506,18.5402,0.401,+0.00010,4.13,0.11,0.948,4.22,0.14,1.023,0.044,0.2577,0.0366,0.2568,0.0740,0.1804,5.00,0.17,5.09,0.19,5.00,0.28,5.10,0.29,True,False
statepoint_mace_off24_200K_0.3GPa,mace_off24,128,200.0,0.3,60.0,200.00,0.19,0.2540,0.0020,0.163,0.52504,18.6574,0.265,+0.00005,5.37,0.25,1.006,5.51,0.24,1.027,0.064,0.2148,0.0383,0.2475,0.0500,0.1725,6.41,0.31,6.55,0.30,6.27,0.31,6.41,0.30,True,False
statepoint_mace_off24_200K_0.4GPa,mace_off24,128,200.0,0.4,30.0,200.89,0.27,0.3221,0.0025,0.161,0.54752,18.3985,0.346,-0.00016,3.50,0.33,0.882,3.41,0.18,0.974,0.107,0.3056,0.0538,0.3426,0.1396,0.1907,4.25,0.36,4.16,0.23,4.17,0.43,4.08,0.33,False,True
statepoint_mace_off24_300K_0.001GPa,mace_off24,128,300.0,0.001,800.0,302.43,0.15,0.0010,0.0000,0.002,0.00654,80.4864,2.581,+0.00272,2269.81,43.78,1.448,763.54,16.30,0.336,0.010,0.0005,0.0001,0.0024,0.0002,0.0115,2430.94,56.25,924.67,38.91,2302.18,43.87,795.91,16.54,False,False
statepoint_mace_off24_300K_0.002GPa,mace_off24,128,300.0,0.002,750.0,301.49,0.25,0.0019,0.0000,0.005,0.01331,63.5120,2.977,+0.00442,1099.86,41.02,1.266,583.85,9.85,0.531,0.022,0.0096,0.0002,0.0039,0.0003,0.0116,1110.09,41.02,594.08,9.85,1125.40,41.07,609.39,10.07,False,True
statepoint_mace_off24_300K_0.003GPa,mace_off24,128,300.0,0.003,500.0,300.65,0.07,0.0029,0.0000,0.008,0.02030,55.1759,0.571,+0.00014,753.91,29.17,1.272,494.69,7.53,0.656,0.027,0.0121,0.0002,0.0060,0.0002,0.0117,763.26,29.17,504.04,7.53,772.75,29.18,513.52,7.57,False,True
statepoint_mace_off24_300K_0.004GPa,mace_off24,128,300.0,0.004,500.0,299.12,0.16,0.0037,0.0001,0.010,0.02752,49.8539,0.570,+0.00034,519.23,18.25,1.186,399.34,5.74,0.769,0.029,0.0119,0.0002,0.0068,0.0004,0.0119,529.75,18.26,409.85,5.75,537.67,18.29,417.77,5.85,False,False
statepoint_mace_off24_300K_0.005GPa,mace_off24,128,300.0,0.005,500.0,300.70,0.15,0.0049,0.0000,0.013,0.03497,46.0274,0.548,-0.00063,413.80,9.98,1.140,347.59,2.02,0.840,0.021,0.0115,0.0003,0.0081,0.0004,0.0122,425.65,9.98,359.45,2.04,430.63,10.01,364.43,2.19,False,True
statepoint_mace_off24_300K_0.006GPa,mace_off24,128,300.0,0.006,400.0,300.33,0.19,0.0059,0.0001,0.015,0.04264,43.0833,0.504,+0.00021,357.45,18.16,1.164,305.75,7.18,0.855,0.048,0.0127,0.0003,0.0091,0.0007,0.0125,368.86,18.16,317.16,7.18,373.33,18.20,321.63,7.28,False,True
statepoint_mace_off24_300K_0.007GPa,mace_off24,128,300.0,0.007,400.0,301.39,0.21,0.0072,0.0000,0.018,0.05052,40.7156,0.465,+0.00044,297.18,7.72,1.128,267.67,6.44,0.901,0.032,0.0123,0.0003,0.0099,0.0007,0.0128,309.72,7.73,280.21,6.45,312.71,7.80,283.20,6.54,False,False
statepoint_mace_off24_300K_0.008GPa,mace_off24,128,300.0,0.008,400.0,301.11,0.10,0.0081,0.0001,0.022,0.05859,38.7532,0.403,-0.00020,242.63,6.41,1.097,229.41,3.47,0.945,0.029,0.0124,0.0005,0.0101,0.0009,0.0131,255.61,6.43,242.38,3.51,258.60,6.57,245.37,3.77,True,True
statepoint_mace_off24_300K_0.009GPa,mace_off24,128,300.0,0.009,400.0,300.70,0.11,0.0092,0.0001,0.025,0.06682,37.0919,0.635,-0.00022,212.42,9.90,1.084,203.59,3.77,0.958,0.048,0.0115,0.0003,0.0106,0.0005,0.0134,227.03,9.91,218.20,3.79,228.39,9.93,219.56,3.84,True,True
statepoint_mace_off24_300K_0.01GPa,mace_off24,128,300.0,0.01,200.0,296.76,0.23,0.0099,0.0001,0.028,0.07705,35.3722,0.341,+0.00004,174.43,2.58,1.158,169.69,1.11,0.973,0.016,0.0116,0.0006,0.0104,0.0014,0.0138,189.41,2.70,184.66,1.38,191.21,3.38,186.47,2.45,False,False
statepoint_mace_off24_300K_0.02GPa,mace_off24,128,300.0,0.02,200.0,298.97,0.18,0.0246,0.0004,0.066,0.17959,26.6778,0.315,+0.00012,73.82,1.35,1.083,72.09,0.75,0.977,0.021,0.0188,0.0017,0.0193,0.0022,0.0211,86.23,1.75,84.50,1.34,85.86,1.92,84.14,1.55,True,True
statepoint_mace_off24_300K_0.03GPa,mace_off24,128,300.0,0.03,200.0,299.40,0.26,0.0339,0.0004,0.086,0.22746,24.6573,0.396,+0.00014,53.62,2.19,1.053,53.81,0.66,1.004,0.043,0.0285,0.0023,0.0266,0.0027,0.0269,62.48,2.30,62.67,0.97,63.10,2.39,63.29,1.16,True,True
statepoint_mace_off24_300K_0.04GPa,mace_off24,128,300.0,0.04,200.0,300.41,0.12,0.0418,0.0006,0.100,0.25740,23.6616,0.407,+0.00006,44.07,1.45,1.041,44.08,1.19,1.000,0.043,0.0292,0.0020,0.0289,0.0017,0.0318,53.10,1.58,53.10,1.34,53.19,1.55,53.20,1.31,True,True
statepoint_mace_off24_300K_0.05GPa,mace_off24,128,300.0,0.05,200.0,298.64,0.18,0.0521,0.0006,0.113,0.29250,22.6747,0.413,+0.00024,37.63,1.43,1.067,36.43,1.13,0.968,0.047,0.0387,0.0025,0.0377,0.0026,0.0389,44.70,1.50,43.50,1.22,44.89,1.51,43.70,1.23,True,True
statepoint_mace_off24_300K_0.07GPa,mace_off24,128,300.0,0.07,200.0,300.43,0.19,0.0706,0.0010,0.114,0.32445,21.9044,0.549,-0.00013,31.03,1.07,1.044,30.71,0.92,0.990,0.045,0.0442,0.0021,0.0396,0.0038,0.0470,37.49,1.11,37.17,0.97,38.24,1.27,37.91,1.15,True,True
statepoint_mace_off24_300K_0.15GPa,mace_off24,128,300.0,0.15,200.0,300.33,0.15,0.1277,0.0009,0.143,0.39765,20.4683,0.498,+0.00059,18.85,0.99,1.007,19.26,0.45,1.022,0.059,0.0784,0.0050,0.0738,0.0055,0.0712,22.74,1.02,23.15,0.51,22.98,1.04,23.39,0.54,True,True
statepoint_mace_off24_300K_0.1GPa,mace_off24,128,300.0,0.1,200.0,297.24,0.16,0.0811,0.0009,0.118,0.34777,21.4036,0.336,-0.00005,24.97,0.37,1.020,24.97,0.42,1.000,0.022,0.0475,0.0018,0.0454,0.0025,0.0539,31.04,0.43,31.05,0.48,31.32,0.50,31.32,0.54,True,True
statepoint_mace_off24_300K_0.2GPa,mace_off24,128,300.0,0.2,200.0,298.10,0.24,0.1595,0.0014,0.158,0.42337,20.0451,0.392,+0.00019,15.57,0.53,1.004,15.78,0.25,1.014,0.038,0.0772,0.0047,0.0772,0.0051,0.0814,19.57,0.58,19.78,0.35,19.57,0.59,19.79,0.36,True,True
statepoint_mace_off24_300K_0.3GPa,mace_off24,128,300.0,0.3,180.0,298.66,0.28,0.2306,0.0027,0.167,0.46380,19.4449,0.538,+0.00027,12.61,0.23,1.026,12.31,0.29,0.976,0.029,0.1059,0.0079,0.1068,0.0108,0.0979,15.62,0.32,15.32,0.37,15.60,0.38,15.30,0.42,True,False
statepoint_mace_off24_300K_0.4GPa,mace_off24,128,300.0,0.4,170.0,299.92,0.10,0.3370,0.0011,0.182,0.50137,18.9465,0.364,-0.00031,8.55,0.24,0.985,8.70,0.21,1.018,0.038,0.1475,0.0118,0.1502,0.0255,0.1123,10.78,0.30,10.93,0.27,10.74,0.44,10.89,0.43,True,False
statepoint_mace_off24_300K_0.5GPa,mace_off24,128,300.0,0.5,160.0,299.90,0.20,0.4363,0.0020,0.189,0.52165,18.6978,0.408,+0.00022,8.18,0.23,1.013,7.93,0.14,0.970,0.033,0.1880,0.0147,0.1798,0.0215,0.1193,9.96,0.27,9.71,0.20,10.04,0.32,9.79,0.26,True,True
statepoint_mace_off24_300K_0.6GPa,mace_off24,128,300.0,0.6,150.0,298.65,0.15,0.4932,0.0024,0.195,0.54014,18.4819,0.378,-0.00010,6.05,0.30,0.970,6.20,0.28,1.026,0.069,0.2197,0.0118,0.2079,0.0254,0.1250,7.58,0.31,7.73,0.30,7.66,0.36,7.82,0.35,True,False
statepoint_mace_off24_300K_0.7GPa,mace_off24,128,300.0,0.7,30.0,299.68,0.25,0.6297,0.0037,0.211,0.55974,18.2636,0.450,+0.00022,5.91,0.41,0.955,5.57,0.39,0.943,0.092,0.2297,0.0407,0.3320,0.0708,0.1291,7.39,0.48,7.05,0.47,6.93,0.46,6.60,0.45,True,True
statepoint_mace_off24_300K_0.8GPa,mace_off24,128,300.0,0.8,30.0,299.38,0.20,0.7388,0.0017,0.216,0.57575,18.0927,0.308,-0.00034,4.86,0.47,0.931,4.54,0.27,0.935,0.106,0.2725,0.0430,0.2743,0.0713,0.1315,6.12,0.51,5.80,0.33,6.11,0.57,5.80,0.42,True,True
statepoint_mace_off24_400K_0.01GPa,mace_off24,128,400.0,0.01,200.0,399.38,0.16,0.0092,0.0002,0.020,0.04729,41.6235,0.588,+0.00144,375.92,19.72,1.250,346.38,9.70,0.921,0.055,0.0148,0.0010,0.0112,0.0021,0.0157,389.39,19.74,359.84,9.74,393.74,20.01,364.19,10.27,False,True
statepoint_mace_off24_400K_0.02GPa,mace_off24,128,400.0,0.02,200.0,396.01,0.27,0.0182,0.0002,0.041,0.09459,33.0340,0.432,-0.00025,179.32,7.11,1.116,176.06,5.66,0.982,0.050,0.0144,0.0009,0.0139,0.0017,0.0179,196.61,7.19,193.35,5.77,197.28,7.45,194.02,6.08,False,False
statepoint_mace_off24_400K_0.03GPa,mace_off24,128,400.0,0.03,200.0,399.69,0.19,0.0318,0.0004,0.060,0.14647,28.5538,0.396,-0.00035,111.84,1.99,1.057,113.13,2.33,1.011,0.027,0.0206,0.0012,0.0213,0.0015,0.0216,125.95,2.16,127.23,2.47,125.50,2.21,126.78,2.52,True,True
statepoint_mace_off24_400K_0.04GPa,mace_off24,128,400.0,0.04,200.0,403.36,0.30,0.0406,0.0005,0.066,0.16772,27.2930,0.608,+0.00011,100.36,4.57,1.070,99.14,2.40,0.988,0.051,0.0251,0.0011,0.0250,0.0017,0.0235,112.58,4.60,111.37,2.46,112.64,4.65,111.43,2.55,True,False
statepoint_mace_off24_400K_0.05GPa,mace_off24,128,400.0,0.05,200.0,400.60,0.35,0.0473,0.0003,0.086,0.19722,25.8584,0.499,+0.00012,76.32,0.93,1.037,77.60,0.81,1.017,0.016,0.0257,0.0017,0.0262,0.0025,0.0266,88.82,1.24,90.11,1.15,88.62,1.49,89.91,1.41,True,True
statepoint_mace_off24_400K_0.07GPa,mace_off24,128,400.0,0.07,200.0,401.60,0.38,0.0683,0.0005,0.105,0.24216,24.1480,0.451,+0.00060,59.82,2.16,1.027,61.36,0.49,1.026,0.038,0.0310,0.0026,0.0308,0.0035,0.0327,70.96,2.36,72.49,1.06,71.05,2.51,72.58,1.37,True,True
statepoint_mace_off24_400K_0.1GPa,mace_off24,128,400.0,0.1,200.0,398.21,0.54,0.0904,0.0014,0.116,0.28951,22.7524,0.444,+0.00004,47.43,0.70,1.050,46.48,0.96,0.980,0.025,0.0389,0.0022,0.0354,0.0036,0.0412,56.79,0.88,55.84,1.10,57.70,1.26,56.75,1.43,True,True
statepoint_mace_off24_400K_0.2GPa,mace_off24,128,400.0,0.2,200.0,402.11,0.49,0.1795,0.0022,0.168,0.36908,20.9833,0.511,-0.00002,29.48,1.06,1.021,29.62,0.54,1.005,0.041,0.0651,0.0032,0.0653,0.0074,0.0609,35.60,1.11,35.73,0.62,35.58,1.27,35.72,0.88,True,True
statepoint_mace_off24_400K_0.3GPa,mace_off24,128,400.0,0.3,200.0,401.52,0.54,0.2686,0.0036,0.180,0.42009,20.0971,0.482,-0.00037,22.10,0.57,1.016,22.10,0.35,1.000,0.030,0.0892,0.0068,0.0887,0.0096,0.0761,26.76,0.67,26.76,0.50,26.78,0.76,26.78,0.62,True,True
statepoint_mace_off24_400K_0.4GPa,mace_off24,128,400.0,0.4,200.0,402.12,0.51,0.3399,0.0042,0.188,0.45096,19.6277,0.610,-0.00003,18.78,0.72,1.027,18.41,0.24,0.980,0.040,0.0947,0.0079,0.0977,0.0103,0.0854,23.28,0.81,22.91,0.44,23.14,0.85,22.77,0.52,True,True
statepoint_mace_off24_400K_0.5GPa,mace_off24,128,400.0,0.5,200.0,402.11,0.41,0.4558,0.0038,0.204,0.48433,19.1661,0.521,-0.00001,14.79,0.67,1.007,14.71,0.32,0.995,0.050,0.1162,0.0074,0.1095,0.0061,0.0947,18.54,0.71,18.46,0.40,18.77,0.70,18.69,0.39,True,True
statepoint_mace_off24_400K_0.7GPa,mace_off24,128,400.0,0.7,200.0,397.95,0.36,0.6103,0.0061,0.222,0.52362,18.6743,0.482,+0.00016,10.96,0.54,1.008,10.91,0.43,0.996,0.063,0.1844,0.0115,0.1880,0.0087,0.1038,13.37,0.56,13.32,0.46,13.32,0.55,13.27,0.44,True,True
statepoint_mace_off24_400K_1GPa,mace_off24,128,400.0,1.0,150.0,400.95,0.48,0.9453,0.0068,0.222,0.56915,18.1623,0.417,+0.00044,8.15,0.16,0.998,8.08,0.23,0.991,0.034,0.2219,0.0160,0.2022,0.0128,0.1080,10.22,0.22,10.15,0.27,10.42,0.21,10.35,0.27,True,False
statepoint_mace_off24_450K_0.001GPa,mace_off24,128,450.0,0.001,500.0,441.34,0.13,0.0009,0.0000,0.002,0.00430,92.5604,2.210,+0.00358,3487.11,57.46,1.677,1145.11,4.74,0.328,0.006,0.0043,0.0001,0.0017,0.0001,0.0155,3510.25,57.46,1168.26,4.75,3545.54,57.50,1203.55,5.21,False,True
statepoint_mace_off24_450K_0.002GPa,mace_off24,128,450.0,0.002,500.0,446.47,0.23,0.0018,0.0000,0.004,0.00861,73.4368,1.311,+0.00227,2151.85,75.17,1.479,976.95,19.44,0.454,0.018,0.0095,0.0001,0.0037,0.0003,0.0158,2165.21,75.17,990.32,19.44,2185.79,75.24,1010.90,19.69,False,False
statepoint_mace_off24_450K_0.003GPa,mace_off24,128,450.0,0.003,450.0,449.73,0.21,0.0029,0.0001,0.006,0.01293,64.1281,0.662,+0.00039,1553.61,41.46,1.381,892.14,17.66,0.574,0.019,0.0166,0.0002,0.0065,0.0002,0.0160,1562.37,41.46,900.90,17.66,1576.10,41.46,914.63,17.68,False,True
statepoint_mace_off24_450K_0.004GPa,mace_off24,128,450.0,0.004,450.0,431.32,0.20,0.0036,0.0000,0.007,0.01725,58.2530,0.597,+0.00031,1130.90,33.60,1.305,737.50,11.69,0.652,0.022,0.0157,0.0002,0.0070,0.0004,0.0156,1140.72,33.60,747.32,11.69,1152.79,33.63,759.39,11.77,False,True
statepoint_mace_off24_450K_0.005GPa,mace_off24,128,450.0,0.005,450.0,433.08,0.16,0.0046,0.0001,0.009,0.02158,54.0627,0.628,+0.00107,918.16,34.97,1.249,659.70,7.80,0.719,0.029,0.0139,0.0003,0.0078,0.0007,0.0158,930.12,34.97,671.66,7.81,939.37,35.02,680.91,8.03,False,True
statepoint_mace_off24_450K_0.006GPa,mace_off24,128,450.0,0.006,400.0,421.97,0.09,0.0052,0.0001,0.012,0.02592,50.8592,0.583,+0.00039,728.37,18.52,1.225,571.01,2.97,0.784,0.020,0.0129,0.0003,0.0084,0.0005,0.0156,741.74,18.52,584.37,2.99,748.91,18.57,591.55,3.26,False,False
statepoint_mace_off24_450K_0.007GPa,mace_off24,128,450.0,0.007,400.0,431.82,0.18,0.0060,0.0001,0.014,0.03025,48.3066,0.550,-0.00032,617.36,14.42,1.196,504.65,7.20,0.817,0.022,0.0137,0.0002,0.0094,0.0006,0.0160,630.97,14.42,518.26,7.21,637.16,14.49,524.45,7.33,False,False
statepoint_mace_off24_450K_0.008GPa,mace_off24,128,450.0,0.008,400.0,436.13,0.25,0.0078,0.0001,0.015,0.03457,46.2042,0.685,+0.00053,593.74,31.36,1.169,504.56,6.31,0.850,0.046,0.0189,0.0004,0.0133,0.0008,0.0163,604.11,31.36,514.94,6.31,608.52,31.37,519.34,6.37,False,False
statepoint_mace_off24_450K_0.009GPa,mace_off24,128,450.0,0.009,400.0,435.87,0.22,0.0086,0.0001,0.017,0.03888,44.4296,1.132,-0.00164,509.73,7.55,1.139,454.13,3.38,0.891,0.015,0.0147,0.0006,0.0119,0.0006,0.0165,523.58,7.57,467.98,3.42,526.90,7.59,471.30,3.47,False,True
statepoint_mace_off24_450K_0.01GPa,mace_off24,128,450.0,0.01,200.0,455.83,0.22,0.0095,0.0001,0.020,0.04216,43.2469,0.569,+0.00174,457.55,13.69,1.256,422.63,5.24,0.924,0.030,0.0143,0.0005,0.0123,0.0009,0.0172,472.82,13.70,437.90,5.26,475.39,13.76,440.47,5.40,False,True
statepoint_mace_off24_450K_0.02GPa,mace_off24,128,450.0,0.02,200.0,440.91,0.25,0.0180,0.0003,0.037,0.08144,34.7248,0.605,-0.00012,231.84,8.20,1.132,226.61,3.82,0.977,0.038,0.0171,0.0009,0.0154,0.0023,0.0185,247.28,8.24,242.05,3.91,248.98,8.59,243.75,4.61,False,False
statepoint_mace_off24_450K_0.03GPa,mace_off24,128,450.0,0.03,200.0,446.12,0.25,0.0268,0.0003,0.052,0.11310,31.1238,0.500,+0.00052,160.51,5.77,1.080,161.28,3.26,1.005,0.041,0.0163,0.0010,0.0154,0.0019,0.0205,178.81,5.88,179.59,3.47,179.79,6.24,180.57,4.04,True,True
statepoint_mace_off24_450K_0.04GPa,mace_off24,128,450.0,0.04,200.0,437.87,0.11,0.0322,0.0003,0.063,0.14169,28.8711,0.772,+0.00000,128.09,3.40,1.095,124.54,1.53,0.972,0.028,0.0184,0.0014,0.0186,0.0026,0.0223,145.18,3.64,141.64,2.01,145.01,4.13,141.47,2.79,True,False
statepoint_mace_off24_450K_0.05GPa,mace_off24,128,450.0,0.05,200.0,433.14,0.16,0.0421,0.0004,0.073,0.17169,27.0813,0.387,+0.00025,94.91,2.58,1.052,94.94,1.34,1.000,0.031,0.0210,0.0016,0.0213,0.0018,0.0248,110.73,2.83,110.76,1.79,110.49,2.89,110.53,1.88,True,False
statepoint_mace_off24_450K_0.07GPa,mace_off24,128,450.0,0.07,200.0,433.43,0.51,0.0574,0.0005,0.094,0.20663,25.4597,0.563,+0.00045,77.60,2.77,1.036,78.44,1.52,1.011,0.041,0.0277,0.0019,0.0277,0.0025,0.0287,90.39,2.90,91.23,1.75,90.37,3.00,91.22,1.91,True,True
statepoint_mace_off24_450K_0.15GPa,mace_off24,128,450.0,0.15,120.0,449.87,0.31,0.1372,0.0015,0.148,0.31944,22.0184,0.487,+0.00024,42.14,1.26,1.042,42.70,1.43,1.013,0.045,0.0383,0.0015,0.0390,0.0029,0.0488,53.21,1.34,53.78,1.49,53.03,1.50,53.59,1.64,True,False
statepoint_mace_off24_450K_0.1GPa,mace_off24,128,450.0,0.1,200.0,452.35,0.40,0.0809,0.0006,0.113,0.24552,24.0374,0.508,-0.00011,66.67,2.97,1.063,64.79,1.52,0.972,0.049,0.0300,0.0018,0.0309,0.0032,0.0347,79.70,3.07,77.81,1.71,79.34,3.25,77.46,2.00,True,True
statepoint_mace_off24_450K_0.2GPa,mace_off24,128,450.0,0.2,200.0,445.91,0.25,0.1806,0.0014,0.156,0.35675,21.2224,0.452,-0.00005,34.76,1.28,1.033,34.56,0.59,0.994,0.040,0.0540,0.0034,0.0554,0.0035,0.0578,42.84,1.38,42.64,0.78,42.64,1.37,42.44,0.77,True,True
statepoint_mace_off24_450K_0.3GPa,mace_off24,128,450.0,0.3,200.0,446.54,1.09,0.2684,0.0060,0.178,0.40372,20.3651,0.483,+0.00077,25.88,1.15,1.006,26.35,0.85,1.018,0.056,0.0725,0.0037,0.0665,0.0071,0.0706,32.16,1.19,32.63,0.91,32.73,1.36,33.20,1.13,True,True
statepoint_mace_off24_450K_0.4GPa,mace_off24,128,450.0,0.4,400.0,422.92,0.39,0.3401,0.0036,0.194,0.44083,19.7769,0.468,+0.00003,20.58,0.41,1.007,20.55,0.25,0.998,0.023,0.0947,0.0037,0.0922,0.0035,0.0816,25.28,0.45,25.24,0.31,25.41,0.45,25.37,0.31,True,True
statepoint_mace_off24_450K_0.5GPa,mace_off24,128,450.0,0.5,390.0,445.67,0.29,0.4758,0.0023,0.222,0.48121,19.2075,0.685,-0.00017,16.32,0.56,1.011,16.18,0.30,0.991,0.039,0.1519,0.0051,0.1259,0.0054,0.0913,19.49,0.57,19.35,0.32,20.15,0.58,20.01,0.34,True,False
statepoint_mace_off24_450K_0.6GPa,mace_off24,128,450.0,0.6,70.0,452.34,0.52,0.5431,0.0056,0.213,0.49079,19.0817,0.596,+0.00046,16.25,0.40,1.030,16.46,0.53,1.013,0.041,0.1452,0.0228,0.1393,0.0406,0.0932,19.64,0.67,19.86,0.75,19.78,1.11,20.00,1.16,True,True
statepoint_mace_off24_450K_0.7GPa,mace_off24,128,450.0,0.7,60.0,454.85,0.24,0.6064,0.0031,0.230,0.51013,18.8374,0.733,+0.00023,12.71,0.39,1.002,12.57,0.26,0.989,0.037,0.1481,0.0160,0.1519,0.0195,0.0969,16.09,0.54,15.96,0.45,16.01,0.58,15.87,0.50,True,False
statepoint_mace_off24_450K_0.8GPa,mace_off24,128,450.0,0.8,60.0,430.50,0.45,0.7261,0.0022,0.243,0.53162,18.5801,0.361,-0.00017,11.73,0.67,1.011,11.92,0.51,1.016,0.073,0.1510,0.0163,0.1155,0.0200,0.1020,14.92,0.76,15.11,0.62,15.90,0.99,16.09,0.88,True,True
statepoint_mace_off24_450K_0.9GPa,mace_off24,128,450.0,0.9,50.0,466.70,0.32,0.9263,0.0040,0.255,0.54314,18.4478,0.460,-0.00008,12.33,0.62,0.986,12.30,0.52,0.997,0.066,0.2370,0.0198,0.1805,0.0233,0.1004,14.55,0.65,14.52,0.56,15.25,0.73,15.21,0.64,True,False
statepoint_mace_off24_450K_1GPa,mace_off24,128,450.0,1.0,150.0,438.26,0.41,0.9435,0.0070,0.250,0.56127,18.2469,0.400,+0.00040,9.12,0.39,0.990,9.03,0.22,0.991,0.049,0.3173,0.0261,0.3123,0.0269,0.1037,10.69,0.41,10.61,0.26,10.71,0.41,10.63,0.26,True,True
statepoint_mace_off24_200K_rho0.05,mace_off24,128,200.0,0.00369,10.0,199.94,0.53,0.0037,0.0003,0.015,0.05000,40.8562,0.204,+0.00150,50.13,1.60,1.885,114.76,5.37,2.289,0.130,0.0015,0.0003,0.0025,0.0009,0.0091,116.68,12.36,181.31,13.38,90.34,14.59,154.97,15.47,False,True
statepoint_mace_off24_200K_rho0.07,mace_off24,128,200.0,0.0045,10.0,199.09,0.40,0.0049,0.0003,0.021,0.07000,36.5215,0.282,-0.00106,45.33,0.89,1.846,95.48,2.58,2.106,0.070,0.0031,0.0006,0.0041,0.0031,0.0099,82.44,7.69,132.59,8.06,73.24,21.07,123.40,21.21,False,True
statepoint_mace_off24_200K_rho0.09,mace_off24,128,200.0,0.00505,10.0,202.97,0.47,0.0056,0.0005,0.022,0.09000,33.5867,0.420,+0.00602,44.81,0.93,1.812,88.81,2.42,1.982,0.068,0.0033,0.0003,0.0039,0.0012,0.0112,82.41,3.41,126.41,4.08,77.09,10.10,121.09,10.35,False,False
statepoint_mace_off24_200K_rho0.100,mace_off24,128,200.0,0.00525,10.0,199.73,0.58,0.0054,0.0006,0.032,0.10000,32.4276,0.309,+0.00113,39.58,0.58,1.777,71.59,1.40,1.809,0.044,0.0042,0.0004,0.0046,0.0013,0.0117,69.98,2.77,101.98,3.05,67.27,7.60,99.28,7.71,False,True
statepoint_mace_off24_200K_rho0.11,mace_off24,128,200.0,0.00542,10.0,199.97,0.44,0.0059,0.0008,0.045,0.11000,31.4136,0.273,-0.00102,40.16,1.52,1.778,72.63,3.33,1.809,0.107,0.0064,0.0012,0.0076,0.0047,0.0123,60.71,4.18,93.18,5.13,57.49,10.78,89.96,11.18,False,True
statepoint_mace_off24_200K_rho0.120,mace_off24,128,200.0,0.00555,10.0,199.58,0.42,0.0057,0.0006,0.033,0.12000,30.5155,0.292,+0.00156,36.77,1.16,1.740,64.49,2.52,1.754,0.088,0.0073,0.0009,0.0037,0.0027,0.0130,55.40,2.62,83.12,3.45,73.49,26.83,101.21,26.92,False,True
statepoint_mace_off24_200K_rho0.13,mace_off24,128,200.0,0.00567,10.0,197.52,0.57,0.0072,0.0009,0.034,0.13000,29.7121,0.292,+0.00058,35.39,1.23,1.718,58.71,2.03,1.659,0.081,0.0086,0.0009,0.0081,0.0056,0.0136,51.45,2.14,74.76,2.68,52.53,11.97,75.85,12.07,False,True
statepoint_mace_off24_200K_rho0.140,mace_off24,128,200.0,0.00577,10.0,202.06,0.46,0.0080,0.0007,0.048,0.14000,28.9872,0.336,+0.00314,35.02,0.87,1.695,55.14,2.38,1.575,0.078,0.0087,0.0013,0.0066,0.0033,0.0145,51.75,2.72,71.88,3.50,56.94,10.98,77.06,11.20,False,True
statepoint_mace_off24_200K_rho0.145,mace_off24,128,200.0,0.00582,10.0,199.73,0.92,0.0059,0.0009,0.039,0.14500,28.6501,0.298,-0.00112,33.14,0.60,1.695,53.98,1.29,1.629,0.049,0.0065,0.0011,0.0061,0.0025,0.0148,55.54,3.69,76.39,3.87,56.76,9.50,77.60,9.56,False,False
statepoint_mace_off24_200K_rho0.15,mace_off24,128,200.0,0.00587,10.0,198.55,0.68,0.0067,0.0007,0.034,0.15000,28.3281,0.262,-0.00114,33.55,0.77,1.692,53.96,2.28,1.609,0.077,0.0099,0.0017,0.0065,0.0037,0.0152,48.25,2.67,68.67,3.43,55.90,12.69,76.32,12.87,False,True
statepoint_mace_off24_200K_rho0.155,mace_off24,128,200.0,0.00591,10.0,199.48,0.62,0.0066,0.0008,0.046,0.15500,28.0202,0.170,-0.00267,33.76,1.38,1.686,53.40,2.56,1.582,0.100,0.0091,0.0014,0.0088,0.0048,0.0156,49.97,2.79,69.61,3.53,50.65,9.36,70.29,9.61,False,True
statepoint_mace_off24_200K_rho0.160,mace_off24,128,200.0,0.00596,10.0,198.73,0.36,0.0068,0.0011,0.045,0.16000,27.7252,0.361,+0.00019,35.12,0.61,1.700,58.29,2.55,1.660,0.078,0.0067,0.0016,0.0063,0.0021,0.0159,57.19,5.22,80.36,5.77,58.83,7.99,82.00,8.36,False,False
statepoint_mace_off24_200K_rho0.165,mace_off24,128,200.0,0.00601,10.0,199.83,0.42,0.0062,0.0012,0.061,0.16500,27.4423,0.292,-0.00247,30.57,0.72,1.654,46.28,1.50,1.514,0.061,0.0084,0.0017,0.0052,0.0035,0.0164,48.66,3.73,64.37,3.95,59.44,19.21,75.16,19.25,False,False
statepoint_mace_off24_200K_rho0.17,mace_off24,128,200.0,0.00606,10.0,200.63,0.28,0.0064,0.0008,0.055,0.17000,27.1706,0.310,+0.00093,29.91,1.28,1.643,44.41,1.28,1.485,0.076,0.0112,0.0016,0.0126,0.0040,0.0168,43.56,2.29,58.06,2.29,42.05,4.02,56.54,4.02,False,False
statepoint_mace_off24_200K_rho0.180,mace_off24,128,200.0,0.00617,10.0,199.31,0.31,0.0077,0.0008,0.047,0.18000,26.6578,0.263,-0.00016,31.11,1.00,1.645,45.97,2.21,1.478,0.085,0.0128,0.0023,0.0081,0.0014,0.0177,43.27,2.44,58.14,3.14,50.29,3.56,65.15,4.07,False,True
statepoint_mace_off24_200K_rho0.19,mace_off24,128,200.0,0.00631,10.0,199.84,0.57,0.0089,0.0013,0.052,0.19000,26.1817,0.420,-0.00149,30.02,1.36,1.623,43.40,2.94,1.446,0.118,0.0136,0.0016,0.0131,0.0060,0.0186,41.67,1.94,55.06,3.25,42.14,5.74,55.53,6.30,False,False
statepoint_mace_off24_200K_rho0.200,mace_off24,128,200.0,0.00647,10.0,201.23,0.59,0.0041,0.0014,0.053,0.20000,25.7378,0.398,+0.00245,26.39,0.65,1.591,38.65,1.86,1.465,0.079,0.0162,0.0025,0.0149,0.0058,0.0197,36.41,1.66,48.67,2.40,37.32,4.29,49.58,4.63,False,False
statepoint_mace_off24_200K_rho0.21,mace_off24,128,200.0,0.00669,10.0,201.04,0.53,0.0061,0.0015,0.087,0.21000,25.3226,0.423,-0.00151,25.14,1.40,1.557,32.07,2.12,1.276,0.110,0.0122,0.0015,0.0064,0.0021,0.0208,38.63,2.16,45.55,2.68,50.72,8.28,57.65,8.43,False,False
statepoint_mace_off24_200K_rho0.23,mace_off24,128,200.0,0.00734,10.0,201.24,0.50,0.0080,0.0013,0.056,0.23000,24.5663,0.422,+0.00161,26.54,1.03,1.569,34.77,2.10,1.310,0.094,0.0181,0.0038,0.0086,0.0067,0.0234,35.93,2.22,44.16,2.88,46.41,15.50,54.64,15.61,False,True
statepoint_mace_off24_200K_rho0.25,mace_off24,128,200.0,0.00849,10.0,199.22,0.63,0.0097,0.0021,0.066,0.25000,23.8929,0.369,-0.00156,25.41,0.79,1.543,33.69,1.32,1.326,0.066,0.0222,0.0027,0.0134,0.0061,0.0264,33.22,1.23,41.49,1.63,38.31,5.91,46.59,6.01,False,False
statepoint_mace_off24_200K_rho0.27,mace_off24,128,200.0,0.01046,10.0,199.51,0.46,0.0065,0.0020,0.091,0.27000,23.2877,0.333,+0.00487,21.33,0.85,1.485,26.23,1.98,1.230,0.105,0.0244,0.0046,0.0209,0.0083,0.0301,28.63,1.62,33.53,2.41,29.84,3.48,34.74,3.91,False,True
statepoint_mace_off24_200K_rho0.29,mace_off24,128,200.0,0.01368,10.0,201.49,0.61,0.0107,0.0026,0.082,0.29000,22.7396,0.247,-0.00096,21.19,0.83,1.462,26.73,1.26,1.261,0.077,0.0283,0.0062,0.0229,0.0135,0.0345,27.71,1.66,33.24,1.91,29.22,4.81,34.75,4.90,False,True
