# CH4 reference EOS (Setzmann-Wagner, as on the NIST WebBook), via CoolProp; stops at the melting line
T_K,P_GPa,rho_g_cm3
200,0.000501187,0.00499597
200,0.000528846,0.00528159
200,0.000558032,0.00558418
200,0.000588828,0.00590481
200,0.000621324,0.00624465
200,0.000655613,0.00660495
200,0.000691794,0.00698705
200,0.000729972,0.00739241
200,0.000770257,0.00782258
200,0.000812765,0.00827925
200,0.00085762,0.00876425
200,0.000904949,0.00927954
200,0.000954891,0.00982728
200,0.00100759,0.0104098
200,0.00106319,0.0110296
200,0.00112187,0.0116895
200,0.00118378,0.0123925
200,0.00124911,0.0131419
200,0.00131805,0.0139414
200,0.00139078,0.0147949
200,0.00146754,0.015707
200,0.00154853,0.0166826
200,0.00163399,0.0177272
200,0.00172416,0.018847
200,0.00181931,0.0200488
200,0.00191972,0.0213405
200,0.00202566,0.0227311
200,0.00213745,0.0242306
200,0.00225541,0.0258507
200,0.00237988,0.0276051
200,0.00251122,0.0295096
200,0.0026498,0.0315828
200,0.00279604,0.0338471
200,0.00295034,0.0363295
200,0.00311316,0.0390631
200,0.00328497,0.042089
200,0.00346626,0.0454596
200,0.00365755,0.0492427
200,0.0038594,0.0535289
200,0.00407239,0.0584432
200,0.00429713,0.0641652
200,0.00453428,0.0709665
200,0.00478451,0.0792857
200,0.00504856,0.0898941
200,0.00532717,0.104292
200,0.00562116,0.125566
200,0.00593138,0.156742
200,0.00625871,0.186568
200,0.00660412,0.206441
200,0.00696858,0.220003
200,0.00735315,0.230269
200,0.00775895,0.238609
200,0.00818715,0.245706
200,0.00863897,0.251945
200,0.00911573,0.257559
200,0.0096188,0.262702
200,0.0101496,0.267479
200,0.0107098,0.271966
200,0.0113008,0.276217
200,0.0119245,0.280275
200,0.0125825,0.284172
200,0.0132769,0.287936
200,0.0140096,0.291586
200,0.0147828,0.29514
200,0.0155986,0.298612
200,0.0164595,0.302014
200,0.0173678,0.305356
200,0.0183263,0.308648
200,0.0193377,0.311895
200,0.0204049,0.315106
200,0.0215309,0.318286
200,0.0227192,0.321439
200,0.023973,0.324571
200,0.025296,0.327686
200,0.026692,0.330787
200,0.028165,0.333877
200,0.0297194,0.33696
200,0.0313595,0.340038
200,0.0330902,0.343115
200,0.0349163,0.346191
200,0.0368432,0.349271
200,0.0388765,0.352355
200,0.041022,0.355445
200,0.0432859,0.358544
200,0.0456747,0.361653
200,0.0481953,0.364773
200,0.0508551,0.367907
200,0.0536617,0.371055
200,0.0566231,0.374219
200,0.0597479,0.377401
200,0.0630453,0.380602
200,0.0665245,0.383822
200,0.0701958,0.387063
200,0.0740697,0.390327
200,0.0781574,0.393614
200,0.0824707,0.396926
200,0.087022,0.400263
200,0.0918245,0.403628
200,0.0968921,0.407019
200,0.102239,0.41044
200,0.107882,0.413891
200,0.113835,0.417372
200,0.120117,0.420885
200,0.126746,0.424431
200,0.133741,0.428012
200,0.141122,0.431627
200,0.14891,0.435277
200,0.157128,0.438965
200,0.165799,0.442691
200,0.174949,0.446456
200,0.184604,0.450261
200,0.194792,0.454107
200,0.205542,0.457995
200,0.216885,0.461926
200,0.228855,0.465901
200,0.241484,0.469922
200,0.254811,0.473989
200,0.268874,0.478103
200,0.283712,0.482266
200,0.299369,0.486479
200,0.315891,0.490744
200,0.333324,0.49506
200,0.351719,0.499429
200,0.371129,0.503854
200,0.391611,0.508334
200,0.413222,0.512871
200,0.436027,0.517467
200,0.46009,0.522123
200,0.485481,0.526841
200,0.512273,0.531621
200,0.540544,0.536466
200,0.570375,0.541376
300,0.000501187,0.00325093
300,0.000528846,0.00343195
300,0.000558032,0.00362314
300,0.000588828,0.00382509
300,0.000621324,0.00403841
300,0.000655613,0.00426375
300,0.000691794,0.00450182
300,0.000729972,0.00475334
300,0.000770257,0.00501909
300,0.000812765,0.00529989
300,0.00085762,0.00559663
300,0.000904949,0.00591023
300,0.000954891,0.00624168
300,0.00100759,0.00659203
300,0.00106319,0.00696239
300,0.00112187,0.00735393
300,0.00118378,0.00776792
300,0.00124911,0.00820569
300,0.00131805,0.00866867
300,0.00139078,0.00915835
300,0.00146754,0.00967635
300,0.00154853,0.0102244
300,0.00163399,0.0108043
300,0.00172416,0.011418
300,0.00181931,0.0120675
300,0.00191972,0.0127551
300,0.00202566,0.0134832
300,0.00213745,0.0142542
300,0.00225541,0.0150709
300,0.00237988,0.0159361
300,0.00251122,0.0168529
300,0.0026498,0.0178245
300,0.00279604,0.0188546
300,0.00295034,0.0199469
300,0.00311316,0.0211053
300,0.00328497,0.0223343
300,0.00346626,0.0236385
300,0.00365755,0.0250228
300,0.0038594,0.0264926
300,0.00407239,0.0280536
300,0.00429713,0.0297119
300,0.00453428,0.0314742
300,0.00478451,0.0333474
300,0.00504856,0.0353392
300,0.00532717,0.0374575
300,0.00562116,0.0397112
300,0.00593138,0.0421092
300,0.00625871,0.0446616
300,0.00660412,0.0473785
300,0.00696858,0.0502709
300,0.00735315,0.0533504
300,0.00775895,0.0566287
300,0.00818715,0.0601182
300,0.00863897,0.0638313
300,0.00911573,0.0677804
300,0.0096188,0.0719776
300,0.0101496,0.0764343
300,0.0107098,0.0811605
300,0.0113008,0.0861646
300,0.0119245,0.0914526
300,0.0125825,0.097027
300,0.0132769,0.102886
300,0.0140096,0.109024
300,0.0147828,0.115428
300,0.0155986,0.122081
300,0.0164595,0.128959
300,0.0173678,0.136032
300,0.0183263,0.143265
300,0.0193377,0.15062
300,0.0204049,0.158059
300,0.0215309,0.16554
300,0.0227192,0.173028
300,0.023973,0.180487
300,0.025296,0.187889
300,0.026692,0.195209
300,0.028165,0.202427
300,0.0297194,0.20953
300,0.0313595,0.216507
300,0.0330902,0.223353
300,0.0349163,0.230065
300,0.0368432,0.236644
300,0.0388765,0.243091
300,0.041022,0.24941
300,0.0432859,0.255608
300,0.0456747,0.261688
300,0.0481953,0.267659
300,0.0508551,0.273526
300,0.0536617,0.279297
300,0.0566231,0.284978
300,0.0597479,0.290575
300,0.0630453,0.296095
300,0.0665245,0.301544
300,0.0701958,0.306929
300,0.0740697,0.312254
300,0.0781574,0.317526
300,0.0824707,0.322749
300,0.087022,0.327928
300,0.0918245,0.333069
300,0.0968921,0.338174
300,0.102239,0.34325
300,0.107882,0.348299
300,0.113835,0.353325
300,0.120117,0.358333
300,0.126746,0.363325
300,0.133741,0.368305
300,0.141122,0.373277
300,0.14891,0.378242
300,0.157128,0.383203
300,0.165799,0.388165
300,0.174949,0.393129
300,0.184604,0.398098
300,0.194792,0.403074
300,0.205542,0.40806
300,0.216885,0.413058
300,0.228855,0.41807
300,0.241484,0.423099
300,0.254811,0.428147
300,0.268874,0.433215
300,0.283712,0.438306
300,0.299369,0.443422
300,0.315891,0.448565
300,0.333324,0.453737
300,0.351719,0.458939
300,0.371129,0.464174
300,0.391611,0.469443
300,0.413222,0.474749
300,0.436027,0.480092
300,0.46009,0.485476
300,0.485481,0.490902
300,0.512273,0.496371
300,0.540544,0.501885
300,0.570375,0.507448
300,0.601853,0.513059
300,0.635067,0.518721
300,0.670115,0.524437
300,0.707096,0.530207
300,0.746119,0.536034
300,0.787295,0.54192
300,0.830744,0.547866
300,0.87659,0.553876
300,0.924967,0.55995
300,0.976013,0.566091
300,1.02988,0.572302
300,1.08671,0.578583
300,1.14668,0.584939
300,1.20997,0.59137
300,1.27674,0.59788
300,1.3472,0.60447
400,0.000501187,0.00242318
400,0.000528846,0.00255723
400,0.000558032,0.00269871
400,0.000588828,0.00284804
400,0.000621324,0.00300566
400,0.000655613,0.00317202
400,0.000691794,0.00334762
400,0.000729972,0.00353297
400,0.000770257,0.00372861
400,0.000812765,0.00393513
400,0.00085762,0.00415312
400,0.000904949,0.00438324
400,0.000954891,0.00462616
400,0.00100759,0.0048826
400,0.00106319,0.00515331
400,0.00112187,0.0054391
400,0.00118378,0.00574081
400,0.00124911,0.00605935
400,0.00131805,0.00639565
400,0.00139078,0.00675071
400,0.00146754,0.0071256
400,0.00154853,0.00752143
400,0.00163399,0.00793938
400,0.00172416,0.00838071
400,0.00181931,0.00884673
400,0.00191972,0.00933884
400,0.00202566,0.00985851
400,0.00213745,0.0104073
400,0.00225541,0.0109869
400,0.00237988,0.011599
400,0.00251122,0.0122455
400,0.0026498,0.0129284
400,0.00279604,0.0136496
400,0.00295034,0.0144114
400,0.00311316,0.0152161
400,0.00328497,0.0160661
400,0.00346626,0.016964
400,0.00365755,0.0179126
400,0.0038594,0.0189147
400,0.00407239,0.0199734
400,0.00429713,0.0210918
400,0.00453428,0.0222733
400,0.00478451,0.0235216
400,0.00504856,0.0248404
400,0.00532717,0.0262336
400,0.00562116,0.0277054
400,0.00593138,0.0292602
400,0.00625871,0.0309026
400,0.00660412,0.0326374
400,0.00696858,0.0344697
400,0.00735315,0.0364045
400,0.00775895,0.0384475
400,0.00818715,0.0406043
400,0.00863897,0.0428808
400,0.00911573,0.0452829
400,0.0096188,0.0478168
400,0.0101496,0.0504889
400,0.0107098,0.0533054
400,0.0113008,0.0562726
400,0.0119245,0.059397
400,0.0125825,0.0626846
400,0.0132769,0.0661413
400,0.0140096,0.0697727
400,0.0147828,0.0735839
400,0.0155986,0.0775793
400,0.0164595,0.0817625
400,0.0173678,0.0861365
400,0.0183263,0.0907027
400,0.0193377,0.0954616
400,0.0204049,0.100412
400,0.0215309,0.105551
400,0.0227192,0.110875
400,0.023973,0.116378
400,0.025296,0.122051
400,0.026692,0.127885
400,0.028165,0.13387
400,0.0297194,0.139992
400,0.0313595,0.146238
400,0.0330902,0.152592
400,0.0349163,0.15904
400,0.0368432,0.165567
400,0.0388765,0.172156
400,0.041022,0.178792
400,0.0432859,0.185461
400,0.0456747,0.19215
400,0.0481953,0.198846
400,0.0508551,0.205537
400,0.0536617,0.212215
400,0.0566231,0.218871
400,0.0597479,0.225497
400,0.0630453,0.232088
400,0.0665245,0.238639
400,0.0701958,0.245147
400,0.0740697,0.25161
400,0.0781574,0.258026
400,0.0824707,0.264394
400,0.087022,0.270715
400,0.0918245,0.276989
400,0.0968921,0.283217
400,0.102239,0.289401
400,0.107882,0.295542
400,0.113835,0.301643
400,0.120117,0.307706
400,0.126746,0.313733
400,0.133741,0.319728
400,0.141122,0.325693
400,0.14891,0.33163
400,0.157128,0.337543
400,0.165799,0.343435
400,0.174949,0.349307
400,0.184604,0.355163
400,0.194792,0.361006
400,0.205542,0.366839
400,0.216885,0.372663
400,0.228855,0.378482
400,0.241484,0.384299
400,0.254811,0.390116
400,0.268874,0.395935
400,0.283712,0.40176
400,0.299369,0.407592
400,0.315891,0.413433
400,0.333324,0.419287
400,0.351719,0.425156
400,0.371129,0.431041
400,0.391611,0.436946
400,0.413222,0.442872
400,0.436027,0.448822
400,0.46009,0.454798
400,0.485481,0.460801
400,0.512273,0.466835
400,0.540544,0.472901
400,0.570375,0.479001
400,0.601853,0.485138
400,0.635067,0.491314
400,0.670115,0.49753
400,0.707096,0.503789
400,0.746119,0.510093
400,0.787295,0.516445
400,0.830744,0.522846
400,0.87659,0.529298
400,0.924967,0.535803
400,0.976013,0.542365
400,1.02988,0.548985
400,1.08671,0.555665
400,1.14668,0.562408
400,1.20997,0.569216
400,1.27674,0.576091
400,1.3472,0.583037
400,1.42155,0.590054
400,1.5,0.597147
450,0.000501187,0.00215102
450,0.000528846,0.00226984
450,0.000558032,0.00239523
450,0.000588828,0.00252756
450,0.000621324,0.00266721
450,0.000655613,0.00281458
450,0.000691794,0.0029701
450,0.000729972,0.00313422
450,0.000770257,0.00330743
450,0.000812765,0.00349022
450,0.00085762,0.00368312
450,0.000904949,0.00388671
450,0.000954891,0.00410156
450,0.00100759,0.0043283
450,0.00106319,0.00456761
450,0.00112187,0.00482016
450,0.00118378,0.0050867
450,0.00124911,0.00536801
450,0.00131805,0.0056649
450,0.00139078,0.00597824
450,0.00146754,0.00630895
450,0.00154853,0.00665798
450,0.00163399,0.00702637
450,0.00172416,0.00741517
450,0.00181931,0.00782554
450,0.00191972,0.00825867
450,0.00202566,0.00871581
450,0.00213745,0.00919832
450,0.00225541,0.00970759
450,0.00237988,0.0102451
450,0.00251122,0.0108125
450,0.0026498,0.0114113
450,0.00279604,0.0120434
450,0.00295034,0.0127105
450,0.00311316,0.0134146
450,0.00328497,0.0141578
450,0.00346626,0.0149423
450,0.00365755,0.0157702
450,0.0038594,0.0166441
450,0.00407239,0.0175663
450,0.00429713,0.0185397
450,0.00453428,0.0195669
450,0.00478451,0.020651
450,0.00504856,0.021795
450,0.00532717,0.0230022
450,0.00562116,0.024276
450,0.00593138,0.02562
450,0.00625871,0.0270378
450,0.00660412,0.0285335
450,0.00696858,0.0301111
450,0.00735315,0.0317749
450,0.00775895,0.0335293
450,0.00818715,0.0353789
450,0.00863897,0.0373285
450,0.00911573,0.039383
450,0.0096188,0.0415475
450,0.0101496,0.0438271
450,0.0107098,0.0462272
450,0.0113008,0.0487532
450,0.0119245,0.0514104
450,0.0125825,0.0542042
450,0.0132769,0.0571401
450,0.0140096,0.0602233
450,0.0147828,0.0634589
450,0.0155986,0.0668518
450,0.0164595,0.0704064
450,0.0173678,0.0741268
450,0.0183263,0.0780167
450,0.0193377,0.0820789
450,0.0204049,0.0863156
450,0.0215309,0.0907281
450,0.0227192,0.0953168
450,0.023973,0.100081
450,0.025296,0.105018
450,0.026692,0.110126
450,0.028165,0.1154
450,0.0297194,0.120834
450,0.0313595,0.126422
450,0.0330902,0.132155
450,0.0349163,0.138024
450,0.0368432,0.144018
450,0.0388765,0.150128
450,0.041022,0.156341
450,0.0432859,0.162645
450,0.0456747,0.169028
450,0.0481953,0.175477
450,0.0508551,0.181982
450,0.0536617,0.188531
450,0.0566231,0.195112
450,0.0597479,0.201715
450,0.0630453,0.208331
450,0.0665245,0.214953
450,0.0701958,0.221571
450,0.0740697,0.22818
450,0.0781574,0.234775
450,0.0824707,0.24135
450,0.087022,0.247902
450,0.0918245,0.254428
450,0.0968921,0.260926
450,0.102239,0.267394
450,0.107882,0.273832
450,0.113835,0.280239
450,0.120117,0.286616
450,0.126746,0.292964
450,0.133741,0.299282
450,0.141122,0.305572
450,0.14891,0.311837
450,0.157128,0.318077
450,0.165799,0.324295
450,0.174949,0.330492
450,0.184604,0.336671
450,0.194792,0.342834
450,0.205542,0.348983
450,0.216885,0.35512
450,0.228855,0.361249
450,0.241484,0.36737
450,0.254811,0.373487
450,0.268874,0.379602
450,0.283712,0.385718
450,0.299369,0.391836
450,0.315891,0.397959
450,0.333324,0.404089
450,0.351719,0.410229
450,0.371129,0.416381
450,0.391611,0.422548
450,0.413222,0.428731
450,0.436027,0.434932
450,0.46009,0.441155
450,0.485481,0.447401
450,0.512273,0.453672
450,0.540544,0.459971
450,0.570375,0.4663
450,0.601853,0.47266
450,0.635067,0.479055
450,0.670115,0.485486
450,0.707096,0.491956
450,0.746119,0.498466
450,0.787295,0.505019
450,0.830744,0.511617
450,0.87659,0.518263
450,0.924967,0.524958
450,0.976013,0.531704
450,1.02988,0.538505
450,1.08671,0.545362
450,1.14668,0.552277
450,1.20997,0.559254
450,1.27674,0.566294
450,1.3472,0.573399
450,1.42155,0.580574
450,1.5,0.587819
