source,T_K,P_GPa,D_1e-5_cm2_s,marker,x_px,y_px,group,D,D_mace,ratio
Ranieri,200,0.0096,29.03,diamond,858,474,200,29.03,,
Ranieri,200,0.01962,22.2,diamond,928,507,200,22.2,,
Ranieri,200,0.03476,17.82,diamond,984,534,200,17.82,16.61,0.932
Ranieri,200,0.0401,17.53,diamond,998,536,200,17.53,15.96,0.9105
Ranieri,200,0.06479,14.3,diamond,1045,561,200,14.3,12.58,0.8794
Ranieri,200,0.1284,10.25,diamond,1112,602,200,10.25,7.541,0.7357
Ranieri,200,0.2444,6.767,diamond,1175,653,200,6.767,6.399,0.9456
Ranieri,300,0.1196,22.56,diamond,1105,505,300,22.56,23.79,1.054
Ranieri,300,0.1608,18.71,diamond,1134,528,300,18.71,19.48,1.041
Ranieri,300,0.2322,15.39,diamond,1170,552,300,15.39,15.51,1.008
Ranieri,300,0.2791,13.62,diamond,1188,567,300,13.62,12.96,0.9518
Ranieri,300,0.2907,12.66,diamond,1192,576,300,12.66,12.46,0.9839
Ranieri,300,0.403,10.76,diamond,1224,596,300,10.76,10.21,0.9484
Ranieri,300,0.4994,9.144,diamond,1245,616,300,9.144,,
Ranieri,300,0.807,7.048,diamond,1292,648,300,7.048,,
Ranieri,300,1.13,5.301,diamond,1325,683,300,5.301,,
Ranieri,300,1.444,3.676,diamond,1349,728,300,3.676,,
Harris,300,0.01624,104.2,asterisk,909.5,317,300,104.2,129.8,1.245
Harris,300,0.01962,84.98,asterisk,928,342,300,84.98,107.7,1.268
Harris,300,0.02054,82.6,asterisk,932.5,345.5,300,82.6,103,1.247
Harris,300,0.02734,65.5,asterisk,960.5,374,300,65.5,77.55,1.184
Harris,300,0.03294,54.88,asterisk,978.8,395.8,300,54.88,64.31,1.172
Harris,300,0.0422,46.16,asterisk,1003,417,300,46.16,52.71,1.142
Harris,300,0.05674,38.91,asterisk,1032,438,300,38.91,42.55,1.093
Harris,300,0.07668,31.56,asterisk,1062,463.8,300,31.56,33.5,1.061
Harris,300,0.1074,26.76,asterisk,1094,484,300,26.76,25.6,0.9568
Harris,300,0.1394,22.79,asterisk,1120,503.8,300,22.79,21.44,0.9406
Harris,300,0.1633,20.71,asterisk,1136,515.5,300,20.71,19.29,0.9316
Greiner,300,0.01096,157.7,square,871,266,300,157.7,191,1.211
Greiner,300,0.02097,77.71,square,934.5,353,300,77.71,100.9,1.299
Greiner,300,0.02693,88.15,square,959,337.5,300,88.15,78.75,0.8934
Greiner,300,0.0272,62.89,square,960,379,300,62.89,77.95,1.239
Greiner,300,0.0309,57.04,square,972.5,391,300,57.04,68.56,1.202
Greiner,300,0.05703,37.36,square,1032,443,300,37.36,42.42,1.135
Greiner,300,0.1074,25.91,square,1094,488,300,25.91,25.6,0.9882
Greiner,300,0.1575,22.02,square,1132,508,300,22.02,19.74,0.8963
Greiner,300,0.2054,17.53,square,1158,536,300,17.53,16.76,0.9563
Greiner,405,0.02665,145.4,square,958,276,400,145.4,,
Greiner,405,0.05674,68.22,square,1032,369,400,68.22,79.47,1.165
Greiner,405,0.1069,45.05,square,1094,420,400,45.05,50.68,1.125
Greiner,405,0.1575,34.16,square,1132,454,400,34.16,38.91,1.139
Greiner,405,0.2054,29.51,square,1158,472,400,29.51,32.36,1.096
Greiner,455,0.01096,344.4,square,871,170,450,344.4,,
Greiner,455,0.02086,225.6,square,934,222,450,225.6,,
Greiner,455,0.02693,182.6,square,959,248,450,182.6,177.9,0.9741
Greiner,455,0.03075,145.4,square,972,276,450,145.4,153,1.052
Greiner,455,0.05674,93.7,square,1032,330,450,93.7,91.08,0.972
Greiner,455,0.1069,59.41,square,1094,386,450,59.41,64.42,1.084
Greiner,455,0.1575,46.92,square,1132,415,450,46.92,47.72,1.017
Greiner,455,0.2075,39.55,square,1159,436,450,39.55,38.74,0.9795
Ranieri NatCom,200,0.002494,402,circle,726,151,200,402,,
Ranieri NatCom,200,0.002997,304.9,circle,744,185,200,304.9,,
Ranieri NatCom,200,0.00403,184.1,circle,773,247,200,184.1,,
Ranieri NatCom,200,0.004156,164.3,circle,776,261,200,164.3,,
Ranieri NatCom,200,0.004602,127.6,circle,786,292,200,127.6,,
Ranieri NatCom,200,0.005149,89.23,circle,797,336,200,89.23,,
Ranieri NatCom,200,0.006784,36.17,circle,824,447,200,36.17,,
Ranieri NatCom,200,0.00759,33.61,circle,835,456,200,33.61,,
