kind,rho_g_cm3,P,P_sd,n,T,P_EOS,rho_ref_at_P,density_err_pct,density_err_bar_pct
CH4,0.2869,0.11039,0.0050948,3,399.87,0.1,0.29816,-3.7757,1.7589
H2O,0.9818,0.088231,0.0027144,3,402.8,0.1,0.97717,0.47339,0.11123
H2O,1.0171,0.18562,0.0054275,3,403.37,0.2,1.0124,0.46051,0.17674
H2O,1.047,0.31318,0.0056237,3,402.23,0.3,1.0506,-0.34131,0.1461
H2O,1.0731,0.41169,0.009487,3,403.17,0.4,1.0759,-0.26285,0.21429
H2O,1.0964,0.51861,0.0055246,3,402.6,0.5,1.1005,-0.37585,0.1096
H2O,1.1372,0.76199,0.0023351,3,403.03,0.7,1.1485,-0.9879,0.03643
H2O,1.1802,1.1257,0.0052608,3,402.9,0.95,1.2066,-2.1867,0.062348
H2O,1.2086,1.4777,0.0081754,3,402.67,1.14,1.2527,-3.5204,0.078582
H2O,1.2381,2.0285,0.011553,3,401.9,1.36,1.3122,-5.6438,0.085698
H2O,1.2636,2.7875,0.023432,3,401.77,1.57,,,
H2O,1.2858,3.7409,0.040101,3,403.13,1.77,,,
H2O,1.3281,7.1752,0.015554,3,403.37,,,,
mix,0.9311,0.40267,0.0075719,3,403.37,0.487,,,
mix,0.95,0.46633,0.01193,3,401.4,0.563,,,
mix,0.985,0.634,0.021794,3,401.13,0.726,,,
mix,1.0331,0.95333,0.015883,6,404.5,1,,,
mix,1.057,1.1463,0.020033,3,402.33,1.16,,,
mix,1.0795,1.364,0.018193,3,399.33,1.326,,,
mix,1.096,1.565,0.013528,3,400.8,1.458,,,
mix,1.1109,1.77,0.027495,3,399.57,1.585,,,
